"dataset","organism_or_scope","input_type","n_isolates","n_mic_columns","source","source_or_note"
"generic_mic_raw","Synthetic generic fixture","Bundled package fixture",6,3,"Package fixture","Small deterministic example for vignettes, tests, and app smoke checks"
"salmonella_enterica_mic","Salmonella enterica","Public MIC subset",4,6,"CDC & FDA Antimicrobial Resistance Isolate Bank","https://wwwn.cdc.gov/ArIsolateBank/Panel/PanelDetail?ID=6"
"campylobacter_jejuni_mic","Campylobacter jejuni","Public MIC subset",4,6,"CDC & FDA Antimicrobial Resistance Isolate Bank","https://wwwn.cdc.gov/ArIsolateBank/Panel/PanelDetail?ID=6"
"escherichia_coli_o157_mic","Escherichia coli O157","Public MIC subset",4,6,"CDC & FDA Antimicrobial Resistance Isolate Bank","https://wwwn.cdc.gov/ArIsolateBank/Panel/PanelDetail?ID=6"
"acinetobacter_baumannii_mic","Acinetobacter baumannii","Public MIC subset",4,7,"CDC & FDA Antimicrobial Resistance Isolate Bank","https://wwwn.cdc.gov/ArIsolateBank/Panel/PanelDetail?ID=1"
"pseudomonas_aeruginosa_mic","Pseudomonas aeruginosa","Public MIC subset",4,7,"CDC & FDA Antimicrobial Resistance Isolate Bank","https://wwwn.cdc.gov/ArIsolateBank/Panel/PanelDetail?ID=12"
"staphylococcus_aureus_mic","Staphylococcus aureus","Public MIC subset",4,7,"CDC & FDA Antimicrobial Resistance Isolate Bank","https://wwwn.cdc.gov/ArIsolateBank/Panel/PanelDetail?ID=13"
"spneumoniae_mapping_08","Streptococcus pneumoniae","Packaged retained case-study bundle",3628,6,"Original AMR cartography case-study data bundle","Used as worked example and regression target; manuscript baseline remains v0.2.0"
"suis_demo","Streptococcus suis","Packaged large app/demo bundle",633,4,"Local S. suis cartography-derived demonstration bundle","App uses a deterministic aligned preview subset for responsiveness"
